{"Olst": {"Code": "OLST", "X": 711556.219876449, "Y": 5803627.64455833}, "Lobith": {"Code": "LOBI", "X": 713748.841038993, "Y": 5748948.95208459}, "Driel boven": {"Code": "DRIB", "X": 693016.214052487, "Y": 5760958.21846735}}