{
      "Olst": {
            "Code": "OLST",
            "X": 711556.219876449,
            "Y": 5803627.64455833
      },
      "Lobith": {
            "Code": "LOBI",
            "X": 713748.841038993,
            "Y": 5748948.95208459
      },
      "Katerveer": {
            "Code": "KATV",
            "X": 707301.644096552,
            "Y": 5822002.98006526
      },
      "Spooldersluis binnen": {
            "Code": "SPBI",
            "X": 707323.119973759,
            "Y": 5822136.2219412
      },
      "Wijhe": {
            "Code": "WIJH",
            "X": 712781.630765258,
            "Y": 5808684.32538319
      },
      "Deventer": {
            "Code": "DEVE",
            "X": 715231.230155487,
            "Y": 5793662.50560124
      },
      "Kampen": {
            "Code": "KAMP",
            "X": 698329.557942369,
            "Y": 5826410.53943739
      },
      "Kamperhoek": {
            "Code": "KAMH",
            "X": 679052.965810073,
            "Y": 5831566.00557789
      },
      "Keteldiep": {
            "Code": "KETD",
            "X": 692863.58478539,
            "Y": 5829443.88019548
      },
      "Ketelhaven": {
            "Code": "KETH",
            "X": 686891.673179011,
            "Y": 5829056.90349066
      },
      "Ramspolbrug": {
            "Code": "RAMS",
            "X": 692466.626441673,
            "Y": 5833109.03974686
      },
      "Zwartsluis buiten": {
            "Code": "ZWBU",
            "X": 708258.215107797,
            "Y": 5836428.56354801
      },
      "Kadoelen": {
            "Code": "KADL",
            "X": 701647.675596907,
            "Y": 5838418.79607588
      },
      "Zutphen": {
            "Code": "ZUTP",
            "X": 717538.491100024,
            "Y": 5782864.85178776
      },
      "Ijsselkop": {
            "Code": "IJSS",
            "X": 703006.482726107,
            "Y": 5759763.60214737
      },
      "Tiel waal": {
            "Code": "TIEW",
            "X": 668937.952337159,
            "Y": 5752825.4886739
      },
      "Nijmegen haven": {
            "Code": "NIJM",
            "X": 696323.704868814,
            "Y": 5748468.59068443
      },
      "Lith boven": {
            "Code": "LITB",
            "X": 669341.123355931,
            "Y": 5742692.26991233
      },
      "Grave boven": {
            "Code": "GRAB",
            "X": 689386.003534216,
            "Y": 5738035.71592895
      }
}